{
  "version": 2,
  "meta": {
    "fps": 30,
    "duration": 10.0,
    "tempo": 107.666015625,
    "source": "tempo",
    "subdiv": 1,
    "density": 1.0,
    "travel": 34,
    "speed": 1.0,
    "max_per_lane": 3,
    "beat_min_gap": 4,
    "audio": "audio.mp3",
    "mode": "dance",
    "action": "dance"
  },
  "events": [
    [
      1.4,
      "LL"
    ],
    [
      1.9666666666666666,
      "DL",
      1.6
    ],
    [
      2.5,
      "LL"
    ],
    [
      3.066666666666667,
      "DL",
      0.9
    ],
    [
      3.6333333333333333,
      "LL"
    ],
    [
      4.733333333333333,
      "DL",
      1.6
    ],
    [
      5.3,
      "LL"
    ],
    [
      5.866666666666666,
      "JL"
    ],
    [
      6.4,
      "LL"
    ],
    [
      6.966666666666667,
      "DL",
      0.9
    ],
    [
      7.533333333333333,
      "LL"
    ],
    [
      8.633333333333333,
      "DL",
      1.6
    ],
    [
      9.2,
      "LL"
    ],
    [
      9.766666666666667,
      "DL",
      0.9
    ]
  ]
}