{
  "version": 2,
  "meta": {
    "fps": 30,
    "duration": 12.0,
    "tempo": 107.666015625,
    "source": "tempo",
    "subdiv": 1,
    "density": 1.0,
    "travel": 34,
    "speed": 1.0,
    "max_per_lane": 3,
    "beat_min_gap": 4,
    "audio": "audio.mp3",
    "mode": "punch",
    "action": "punch",
    "dance_pair_cycle": 4,
    "punch_pair_cycle": 4,
    "lanes": null
  },
  "events": [
    [
      1.4,
      "L",
      1.6
    ],
    [
      1.9666666666666666,
      "R",
      1.6
    ],
    [
      2.5,
      "L",
      0.9
    ],
    [
      3.066666666666667,
      "LL"
    ],
    [
      3.6333333333333333,
      "R",
      0.9
    ],
    [
      4.166666666666667,
      "L",
      1.6
    ],
    [
      4.733333333333333,
      "R",
      1.6
    ],
    [
      5.3,
      "RR"
    ],
    [
      5.866666666666666,
      "L",
      0.9
    ],
    [
      6.4,
      "R",
      0.9
    ],
    [
      6.966666666666667,
      "L",
      1.6
    ],
    [
      7.533333333333333,
      "LL"
    ],
    [
      8.066666666666666,
      "R",
      1.6
    ],
    [
      8.633333333333333,
      "L",
      0.9
    ],
    [
      9.2,
      "R",
      0.9
    ],
    [
      9.766666666666667,
      "RR"
    ],
    [
      10.3,
      "L",
      1.6
    ],
    [
      10.866666666666667,
      "R",
      1.6
    ],
    [
      11.433333333333334,
      "L",
      0.9
    ],
    [
      11.966666666666667,
      "LL"
    ]
  ]
}