{
  "version": 2,
  "meta": {
    "fps": 30,
    "duration": 6.0,
    "tempo": 112.34714673913044,
    "source": "tempo",
    "subdiv": 1,
    "density": 1.0,
    "travel": 32,
    "speed": 1.0,
    "max_per_lane": 3,
    "beat_min_gap": 4,
    "wall_prob": 0.12,
    "bass_thresh": 0.6,
    "seed": 42,
    "kind_mode": "rhythm",
    "action": "line",
    "mode": "line",
    "dance_pair_cycle": 4,
    "punch_pair_cycle": 4,
    "line_beats": 2,
    "n_lanes": 4,
    "lanes": null,
    "audio": "audio.mp3"
  },
  "events": [
    [
      1.5,
      "ZL",
      1.6,
      1.0666666666666667
    ],
    [
      2.033333333333333,
      "ZR",
      1.6,
      1.0666666666666667
    ],
    [
      2.566666666666667,
      "ZL",
      0.9,
      1.0666666666666667
    ],
    [
      3.1,
      "ZR",
      0.9,
      1.0666666666666667
    ],
    [
      3.6333333333333333,
      "ZL",
      1.6,
      1.0666666666666667
    ],
    [
      4.166666666666667,
      "ZR",
      1.6,
      1.0666666666666667
    ],
    [
      4.7,
      "ZL",
      0.9,
      1.0666666666666667
    ],
    [
      5.233333333333333,
      "ZR",
      0.9,
      1.0666666666666667
    ],
    [
      5.766666666666667,
      "ZL",
      1.6,
      1.0666666666666667
    ]
  ]
}