{
  "version": 2,
  "meta": {
    "fps": 30,
    "duration": 10.0,
    "tempo": 107.666015625,
    "source": "tempo",
    "subdiv": 1,
    "density": 1.0,
    "travel": 34,
    "speed": 1.0,
    "max_per_lane": 3,
    "beat_min_gap": 4,
    "wall_prob": 0.12,
    "bass_thresh": 0.6,
    "seed": 42,
    "kind_mode": "rhythm",
    "action": "combo",
    "mode": "punch,dance",
    "dance_pair_cycle": 4,
    "punch_pair_cycle": 4,
    "n_lanes": 4,
    "lanes": null,
    "audio": "audio.mp3"
  },
  "events": [
    [
      1.4,
      "PL",
      1.6
    ],
    [
      1.9666666666666666,
      "DR",
      1.6
    ],
    [
      2.5,
      "PL",
      0.9
    ],
    [
      3.066666666666667,
      "DR",
      0.9
    ],
    [
      3.6333333333333333,
      "PL",
      1.6
    ],
    [
      4.166666666666667,
      "DR",
      1.6
    ],
    [
      4.733333333333333,
      "LL"
    ],
    [
      5.3,
      "JL"
    ],
    [
      5.866666666666666,
      "PL",
      0.9
    ],
    [
      6.4,
      "DR",
      0.9
    ],
    [
      6.966666666666667,
      "PL",
      1.6
    ],
    [
      7.533333333333333,
      "DR",
      1.6
    ],
    [
      8.066666666666666,
      "PL",
      0.9
    ],
    [
      8.633333333333333,
      "DR",
      0.9
    ],
    [
      9.2,
      "RR"
    ],
    [
      9.766666666666667,
      "JR"
    ]
  ]
}